<project xmlns="http://maven.apache.org/POM/4.0.0"
	xmlns:xsi="http://www.w3.org/2001/XMLSchema-instance"
	xsi:schemaLocation="http://maven.apache.org/POM/4.0.0 http://maven.apache.org/xsd/maven-4.0.0.xsd">
	<modelVersion>4.0.0</modelVersion>
	<groupId>MobileAutomation</groupId>
	<artifactId>DailyBurn</artifactId>
	<version>0.0.1-SNAPSHOT</version>


	<properties>
		<project.build.sourceEncoding>UTF-8</project.build.sourceEncoding>
		<maven.compiler.source>1.8</maven.compiler.source>
		<maven.compiler.target>1.8</maven.compiler.target>
	</properties>




	<build>
		<resources>
			<resource>
				<directory>src/main/java/resources</directory>
				<filtering>true</filtering>
			</resource>
		</resources>

		<plugins>
			<!-- Compiler plug-in -->
			<plugin>
				<groupId>org.apache.maven.plugins</groupId>
				<artifactId>maven-compiler-plugin</artifactId>
				<configuration>
					<maven.compiler.source>1.8</maven.compiler.source>
					<maven.compiler.target>1.8</maven.compiler.target>
				</configuration>
			</plugin>
			<!-- Below plug-in is used to execute tests -->
			<plugin>
				<groupId>org.apache.maven.plugins</groupId>
				<artifactId>maven-surefire-plugin</artifactId>
				<version>3.0.0-M3</version>
				<configuration>
					<suiteXmlFiles>
						<!-- TestNG suite XML files -->
						<suiteXmlFile>testng.xml</suiteXmlFile>
					</suiteXmlFiles>
				</configuration>
			</plugin>
		</plugins>
	</build>


	<dependencies>

		<!-- https://mvnrepository.com/artifact/io.appium/java-client -->
		<dependency>
			<groupId>io.appium</groupId>
			<artifactId>java-client</artifactId>
			<version>7.0.0</version>
		</dependency>

		<!-- https://mvnrepository.com/artifact/org.seleniumhq.selenium/selenium-java -->
		<dependency>
			<groupId>org.seleniumhq.selenium</groupId>
			<artifactId>selenium-java</artifactId>
			<version>3.141.59</version>
		</dependency>

		<dependency>
			<groupId>org.seleniumhq.selenium</groupId>
			<artifactId>selenium-server</artifactId>
			<version>3.0.1</version>
		</dependency>

		<!-- https://mvnrepository.com/artifact/org.testng/testng -->
		<dependency>
			<groupId>org.testng</groupId>
			<artifactId>testng</artifactId>
			<version>6.11</version>
			<scope>test</scope>
		</dependency>

		<!-- https://mvnrepository.com/artifact/org.apache.maven.plugin-testing/maven-plugin-testing-harness -->
		<dependency>
			<groupId>org.apache.maven.plugin-testing</groupId>
			<artifactId>maven-plugin-testing-harness</artifactId>
			<version>3.3.0</version>
			<scope>test</scope>
		</dependency>



		<!-- https://mvnrepository.com/artifact/org.apache.commons/commons-lang3 -->
		<dependency>
			<groupId>org.apache.commons</groupId>
			<artifactId>commons-lang3</artifactId>
			<version>3.9</version>
		</dependency>

		<!-- https://mvnrepository.com/artifact/commons-io/commons-io -->
		<dependency>
			<groupId>commons-io</groupId>
			<artifactId>commons-io</artifactId>
			<version>2.6</version>
		</dependency>

		<dependency>
			<groupId>com.aventstack</groupId>
			<artifactId>extentreports</artifactId>
			<version>4.0.9</version>
		</dependency>

		<!-- https://mvnrepository.com/artifact/commons-validator/commons-validator -->
		<dependency>
			<groupId>commons-validator</groupId>
			<artifactId>commons-validator</artifactId>
			<version>1.6</version>
		</dependency>

		<!-- https://mvnrepository.com/artifact/org.slf4j/slf4j-simple -->
		<dependency>
			<groupId>org.slf4j</groupId>
			<artifactId>slf4j-simple</artifactId>
			<version>1.7.26</version>
			<scope>test</scope>
		</dependency>

		<!-- https://mvnrepository.com/artifact/org.slf4j/slf4j-api -->
		<dependency>
			<groupId>org.slf4j</groupId>
			<artifactId>slf4j-api</artifactId>
			<version>1.7.26</version>
		</dependency>







	</dependencies>


</project>
